student_num,OR_number,name,course,yearlevel,semester,payment_type,payment_desc,status,date
2023002,1700051,"Gemerken Zapanta",BSEDUC,"4th Year","1st Semester","Hello Money",Research,Paid,"2023-02-26 19:20:50"
2023003,1700055,"Victor Higoy",BSIT,"4th Year","1st Semester","Hello Money",Research,Paid,"2023-02-26 17:28:25"
2023001,1700059,"Daryl Estolonio",BSIT,"4th Year","1st Semester","BCP Cashier",Research,Paid,"2023-02-26 17:28:23"
2023004,1700066,"Christian Capitle",BSEDUC,"4th Year","1st Semester","Hello Money",Research,Paid,"2023-02-26 19:20:54"
2023000,1700087,jose,BSIT,"4th Year","1st Semester",AUB,Research,Paid,"2023-02-26 17:28:18"
